File ID	Sample Type	Tpm_val
81d92351-c619-4585-9281-de33eaaabba4	Primary Tumor	106.6389
2e5071ce-d8cf-46e5-9cc0-91353f0d643c	Primary Tumor	142.7484
d3f1b81f-37ce-47b6-b98d-8530076007c7	Primary Tumor	103.5019
c568fdc8-6942-44ff-a9d9-3f7a03fdc62a	Primary Tumor	119.4611
dd6ec250-8d4d-4129-9664-7451c1760f4b	Primary Tumor	115.1823
9711a58c-08fc-428f-93a1-3d3db7df213e	Primary Tumor	2.2821
3c9960fd-92f3-4bab-9771-933c95edc37f	Primary Tumor	101.981
b080156e-0711-42f5-83c7-a34de25cbba9	Primary Tumor	239.4375
c3e2e99a-537a-4263-a835-fef5ed2c3588	Primary Tumor	94.3439
cb59cd67-2756-45e1-80c7-67ad6d6823d4	Primary Tumor	173.1355
c140ee8e-c45f-47fb-b214-c3c8cdde972e	Primary Tumor	67.3181
38bc7dc7-3a4f-4fd9-ad6d-306dc8a3b7f6	Primary Tumor	484.4716
1a4c524e-8e75-436e-8ccf-cce6ae3d6eb3	Primary Tumor	112.2608
c97d6c2a-9866-4893-8cff-ee747c4a4550	Primary Tumor	236.3001
0869efb9-b167-45af-8b2c-67433e39baad	Primary Tumor	228.4241
97541ffe-94e7-4130-9bac-65528de8d6f5	Primary Tumor	15.8321
bbb426a9-806b-4417-a3cd-4dd1b0c87792	Solid Tissue Normal	149.5629
371fd35f-eb3c-4346-8197-8ecf4c9ce220	Primary Tumor	2.5761
242a2880-95da-453f-892d-fafd49a4865e	Primary Tumor	49.2972
1d8df3eb-b059-47f7-b3fa-f4eb3f568423	Primary Tumor	53.5745
51c0568a-3e54-42a0-b805-0a90905cc865	Primary Tumor	256.4872
ad6ae9d2-c6f5-4686-9b3c-45ea130493f3	Primary Tumor	138.6831
04778fc1-a821-4029-a383-d88e711f3bee	Primary Tumor	0.2141
09f9f414-db5b-4b54-9e8e-234bf9d7c678	Primary Tumor	332.3782
1876b908-e911-464f-be23-2b4eae0a43b6	Primary Tumor	152.8013
f93cc1fb-b3d9-4b1e-94bf-54e40b505b34	Primary Tumor	170.6587
e6e83fd4-2f80-44e1-8dce-588a37308dbb	Solid Tissue Normal	53.1718
8a884668-03c2-44bb-8ea0-5b0d0bc68aa4	Primary Tumor	158.5707
5dd8168d-fe35-4a32-8520-1deaef953b10	Primary Tumor	293.2812
d86a1079-2f10-4c42-9b6a-14498715c4ad	Primary Tumor	71.711
2e2eb2df-d002-49ac-86e7-5ed33e9eabf3	Primary Tumor	202.1176
8d308359-6f2a-4c2a-a2e7-b1a3b8d79de9	Primary Tumor	74.8678
3f474548-c7b2-4d5e-9f8d-03c800a094fe	Solid Tissue Normal	112.2061
9bdba133-a1e0-4482-add2-af6493ebdbe5	Primary Tumor	59.205
b6d704be-2e8f-40cc-9c09-ffde6be5c814	Solid Tissue Normal	128.1423
1a06f92b-21c5-4666-b666-8b9135a4482a	Solid Tissue Normal	166.6746
023a34d9-c000-4053-b695-5b984b4a6fc1	Primary Tumor	135.8207
3cd897bd-893e-4497-b9a5-56141816cff4	Primary Tumor	173.7406
cb6a3198-2662-4150-bee9-51b692968209	Primary Tumor	26.3535
b0dc4a18-3099-46fc-a518-9e411c6c15f3	Primary Tumor	205.1413
d00354a6-0cdd-42c0-8d0c-1f87f4fdc843	Primary Tumor	144.8169
270a13b3-158c-4251-8c6a-5bc5275e0ebb	Primary Tumor	170.3846
b5b25f89-cd67-44e5-89bd-be2bc1def4d8	Primary Tumor	171.2059
cc640c34-516e-4cd8-a32c-d6f9b856696d	Primary Tumor	184.5917
e17426a8-cf69-4ed4-b54e-cc33cbadf095	Primary Tumor	78.7161
77819b24-ea90-427b-8a99-c9a90417c903	Primary Tumor	136.2349
9835daf0-92cc-4237-838d-b122a15aa1f1	Primary Tumor	170.4001
7a176670-7636-4329-951b-c118b816cfca	Primary Tumor	260.7618
58dcd45a-714f-4a22-b367-813dd41829de	Primary Tumor	27.4224
c4bcc6b0-96a1-452b-9169-b4a16bcb9403	Primary Tumor	90.7021
133bfadb-ed2e-4b10-a5bf-46d31ade6dd4	Primary Tumor	0.5592
ca8dc4e0-e8d2-4574-b3a0-74b058bd2b96	Solid Tissue Normal	218.0778
43b8c3f7-2d0b-4020-807d-b7386825ecc0	Primary Tumor	0.7077
215f38d1-a17c-4189-97f6-ae20361b0f3f	Primary Tumor	23.167
50966d1a-3934-4fb5-9fc4-71f399cf5105	Primary Tumor	289.8338
46ef57a2-e2ce-4ffe-9ce8-c043c6065863	Solid Tissue Normal	134.9683
1120d776-47df-4f72-862e-427d3c44dd43	Primary Tumor	0.2632
92b4ef29-b45a-4ec4-9251-8d6fb32cde90	Primary Tumor	221.3224
6d4fc521-df92-4d04-8118-d363ac31bfa8	Primary Tumor	109.232
669ce970-42a3-4797-bf9c-0de40a021bbf	Primary Tumor	111.7874
0052ae83-7ae5-470a-a125-5cd94a9fa9e9	Primary Tumor	10.1603
ab3c7d7c-7ad0-4f26-9991-ddd288598936	Primary Tumor	50.8727
2d99f93c-797e-49a5-8892-a4e31e17b9c3	Solid Tissue Normal	64.5754
5695292b-7c39-4ee6-94e8-987f4a456635	Primary Tumor	172.8923
bbbd3cd5-cfd3-418b-ab3a-243de430a5e1	Primary Tumor	198.4625
48d5fe32-37ca-4717-af64-1343a3561849	Primary Tumor	706.7109
74b6cce1-6a5b-4f86-8f41-d842106bfe8f	Primary Tumor	166.7897
cc481383-4ebf-410c-8dd7-ef0b117bd035	Primary Tumor	30.0382
f90939c7-6e24-4aa5-8c34-c1fc1b79e485	Primary Tumor	125.3817
7f70c9bb-a18a-45e8-8177-34145a6c0dc9	Primary Tumor	103.1826
2a9f6775-bb04-4262-9eb2-d64a8e027010	Primary Tumor	0.6448
69a379e5-c8ba-43ed-b267-bad111c851fb	Primary Tumor	129.0355
51ec5a15-11e8-435a-a3e0-2a99690309b9	Primary Tumor	32.5024
ac98f8d2-fdc4-4925-8fce-7e86d7b89dec	Primary Tumor	131.0531
e6629c88-a050-41ed-afe7-e74255f4d3b1	Primary Tumor	172.2753
9af8b2eb-3dbb-4688-a5fd-15abc0460f57	Primary Tumor	84.1605
38cc1ced-6874-4aed-ab73-8c6344564cd6	Primary Tumor	148.3289
eac45bfd-6795-47a4-8d6b-5a7c8bc76cd1	Solid Tissue Normal	77.9103
8ddad1cb-d2ab-4fbf-865e-f134fcce0194	Primary Tumor	150.8607
2f2cc9dc-1d0a-4302-b674-02d56c259ff3	Primary Tumor	134.3559
361e4878-4535-499d-9987-7295a078bbee	Primary Tumor	189.9832
968c4aa2-2bcd-4823-b7fa-fbedc41ddb25	Primary Tumor	272.5691
3ceb828a-3612-46e8-89c5-397cb20e5356	Primary Tumor	110.7193
ba3e1d1e-3193-4770-9c57-b4ff1502af38	Primary Tumor	10.9831
2bbe47a1-f055-43e7-94d3-06aafb5af6e8	Primary Tumor	571.0358
bae501f3-c0ba-4646-8027-0623869176f4	Primary Tumor	133.347
27884724-a2c0-4b3e-921a-54e5f8bf1faa	Primary Tumor	243.1775
c343f781-c1df-4349-aab3-f159329a11da	Primary Tumor	110.2161
e98c7df6-1a65-41a0-9182-c752c89eafc7	Primary Tumor	193.4675
f700b996-2ccf-4f59-9249-da7f087054ba	Solid Tissue Normal	151.4976
29dd3ad7-f2c6-4abf-8e81-6734e4bd8a6a	Solid Tissue Normal	113.6816
78d70b30-8812-4802-bca7-f1b8135b9cbd	Primary Tumor	290.3962
b5df8e57-5822-4192-a4a4-398d11e9d968	Primary Tumor	162.9629
515aa64c-316b-497e-b877-7ab0c89a58bd	Primary Tumor	161.6858
503df94c-0048-4f7b-b957-3f8304be73f0	Primary Tumor	57.575
030d778f-ecb4-44eb-8baa-4286e18c9fdd	Primary Tumor	201.229
850bb68e-cea7-4d66-b044-24dbef74e255	Primary Tumor	158.5695
4756b201-87c2-4428-b2cd-f933422fe8cf	Solid Tissue Normal	142.0076
b0a1b626-c44b-4a95-b4a4-383fc63f8649	Primary Tumor	115.9908
648b0d02-f264-4d88-9997-baed8f000a60	Primary Tumor	419.4115
cb061496-b611-48bb-9484-c6ca07f9951e	Primary Tumor	280.3047
d72c21fe-ff33-4f1e-a138-420968f1daf4	Primary Tumor	82.1519
119e7a6c-7fd1-4a2d-bfdc-35cb13d39414	Primary Tumor	171.9645
ca34be5f-799c-4df4-af91-ec8a9e958d6c	Primary Tumor	630.4263
7a3f27a9-476d-43e2-abb8-db402f80dfcf	Primary Tumor	67.8543
d05a80fc-d08a-47df-b7cd-0172b9977d46	Primary Tumor	155.1723
490ee22a-f171-4f7f-9d49-835afe7388c1	Primary Tumor	100.3924
cde8569f-d0a0-4f05-a86e-0f9d84361faf	Primary Tumor	39.6036
63f5b69e-2307-4be6-98e4-b0f57b6394d0	Primary Tumor	170.4573
41e96482-bc24-4a1a-8ef2-8ef4d525ad40	Primary Tumor	33.7969
cfac28bf-001d-4db8-942a-d244f93139a7	Primary Tumor	8.9077
26ea6a31-ea33-4bb9-814f-c0840dafe69e	Primary Tumor	55.3489
8a518a19-2c85-42ec-b027-47139aa442d4	Primary Tumor	0.4912
0c09a94d-8885-49fb-91c1-aa0ebf52386a	Primary Tumor	144.4363
e20ecad8-f22d-4e2d-99af-bc1be98c5128	Primary Tumor	233.5276
901c6ff1-19bf-48d8-894d-766f1995a916	Primary Tumor	237.6646
d2436cea-20c9-4c32-98d3-61eb445865be	Primary Tumor	92.9246
21285d92-3596-4a82-91ae-a99e22479a3c	Primary Tumor	93.7216
0765d9e8-0fec-46bc-832a-89945435d5b1	Primary Tumor	403.2016
a60f0ff5-6f4c-43a1-8dda-10b882880bfc	Primary Tumor	399.5456
754343b4-f9f5-478a-a076-2791b8857c3e	Primary Tumor	49.2903
3aa81439-d4cc-41ef-9568-e6a11c8b1b52	Primary Tumor	21.5864
3563bce2-6547-4081-883e-1e7e498c83be	Primary Tumor	219.3417
5f2d965a-25df-4736-a675-efeb59341a04	Primary Tumor	24.5437
5caf3127-967f-4d07-b49d-7126728e2048	Primary Tumor	182.0794
94d8b11e-0198-4f40-987a-44691b3b03fa	Primary Tumor	162.0289
0905662e-ae14-4807-94ef-69db108fa2ee	Primary Tumor	131.0458
68b00cb6-4335-4c64-a3e0-0c29ed574480	Primary Tumor	381.7638
a4b8b2f2-6a56-4999-bd95-c2c8e4aa3bd0	Solid Tissue Normal	146.659
42be8d70-f8a0-49ea-94a9-58e320337843	Primary Tumor	143.5289
a4377fa6-f7e2-4289-ac2d-3cc87b6cc289	Solid Tissue Normal	95.1009
946692ad-ed52-4bd8-85ac-efe5178b15b4	Primary Tumor	22.6219
a5407526-9c45-427b-abcc-65d6e1f87158	Primary Tumor	225.2305
cce2b6af-bff9-4ad0-805d-b32aa6fae985	Primary Tumor	207.0209
afa5c7c4-02f8-4417-873c-378937f5fbbb	Primary Tumor	214.9609
94861d8a-3b40-4334-9fb5-c9df71a1e1da	Primary Tumor	179.4585
6c66987a-38f6-4125-8ac1-aa55921fcc26	Primary Tumor	10.2619
5ecf82a3-8658-4a64-a14c-fc5d1d6f56f8	Primary Tumor	89.8002
e824e07e-86cd-43eb-8f36-c60f36194f3c	Primary Tumor	326.3201
091d2c9e-a8cb-4212-a434-7c7d4fd75f7b	Primary Tumor	137.0214
bfecde55-3ed3-4977-899b-d7c22b6df15b	Primary Tumor	125.9772
51f545d2-3da2-46c1-9ed4-204133701dad	Primary Tumor	277.9035
4dbd91d6-8d7b-4e6d-9dc1-3347c3f3996d	Primary Tumor	138.1977
ad62355a-f287-49b2-84a9-64c0f5847c20	Solid Tissue Normal	97.6352
09296d1f-9877-438d-96d8-7b4cc52940dd	Primary Tumor	10.5441
27450388-ffc7-4812-b5b4-9819b0a74a0b	Primary Tumor	106.0545
466db517-921b-47e8-b249-b4c9bd714bfd	Primary Tumor	89.5745
1098101e-1770-4055-ae41-d6c15e1c7b90	Primary Tumor	7.8405
fc732523-d387-4a1d-ab81-34e44e869bac	Primary Tumor	65.7248
56e9a740-ee72-4c10-a90d-921034141b42	Solid Tissue Normal	174.9576
927beddd-e0e7-4695-b744-79f27519389e	Primary Tumor	336.4819
de18a680-86a5-4319-a332-42227d490aa5	Primary Tumor	2.3986
334cc9fa-3e9b-4462-b84d-dc595e89d537	Primary Tumor	5.0563
df03bdab-42a9-4467-a767-b584bb60e926	Primary Tumor	119.932
d7439e19-2ab4-4209-9628-16e6ae6bc11e	Primary Tumor	282.7829
f73807f5-edf8-4a4d-8550-048d9c5413e5	Primary Tumor	121.6308
b0eade9b-2ce4-4ffd-9db3-56958b452af6	Primary Tumor	7.5122
148c1368-6302-4daf-b389-2c92f5da0529	Primary Tumor	43.186
5ddf8f4a-edd8-4b97-8d4d-76655d9018c5	Primary Tumor	135.821
9dffc7c0-da78-48a9-b438-a4886a45048e	Primary Tumor	228.6102
2ff24c33-39c6-4171-af42-f54e4ee8b021	Solid Tissue Normal	118.4202
6855a406-c085-45c7-b789-981786f0c775	Primary Tumor	41.5858
b5c6258a-8591-4f96-81d5-8ecc931b57a8	Primary Tumor	55.5517
38259364-ebcb-4f5f-8471-8ffe7e3267a7	Primary Tumor	111.4231
e4988cad-67b9-41a6-9640-2226d6b7424a	Solid Tissue Normal	124.9474
942673a7-5072-466f-985c-42d38aeb5c2c	Primary Tumor	207.2092
906a6a3f-91ce-4433-9a0d-e010a61782f0	Primary Tumor	97.3066
b4de06a8-883b-4d02-afc6-d926c588c4ee	Primary Tumor	333.982
eac5ebd0-d788-4908-8eb7-976d6b611667	Primary Tumor	210.6669
ac9d6b6d-37e9-44ca-9f70-0e6351c39341	Primary Tumor	289.645
67543f50-3821-4723-842d-3924b9a32142	Primary Tumor	144.872
4320b770-69f3-4dd2-afea-8b7f7cdf44c2	Primary Tumor	107.5433
e1a4e922-876b-45d1-8fb6-5d39dbf6ff60	Solid Tissue Normal	126.9954
d2000aa0-a3c5-4155-8995-80ec5f4436e2	Primary Tumor	187.7981
4b2e6f07-59e6-47c0-85ea-1e73f3354a01	Primary Tumor	93.486
a5c19494-731c-4519-b8a7-b7307aea2f9c	Solid Tissue Normal	177.6156
e7ae9253-4c2d-41bd-9d3a-c37e9841f479	Primary Tumor	265.6004
218eb2f2-24b1-4e41-9071-26ed97a2edc1	Primary Tumor	259.2985
d3d249ab-0483-4e9c-99f3-07afb5b6dabc	Primary Tumor	332.4942
a4ed7fd8-e220-46e6-90f7-3b208dbf4e05	Primary Tumor	135.2889
36e8195f-72b1-4d87-9be5-a487689aba5e	Primary Tumor	164.2942
b6a0d742-e7bc-4d67-8014-675e62f1ddd0	Primary Tumor	201.8443
efc4983d-f573-4996-bf5c-5aaa1aafd730	Primary Tumor	201.9545
477d7181-e081-4577-ac06-e508b1239989	Primary Tumor	32.8761
ffec28dd-cc44-4057-bcc3-ccc0cd2331c2	Primary Tumor	96.9613
169b5555-f64c-4bbd-9c07-af0c42ddb6aa	Primary Tumor	51.1688
76cc364e-8214-4a17-8083-9ea80e74c400	Primary Tumor	13.2968
c7ee3fa6-4a2f-4824-a098-91ce6c1223c3	Primary Tumor	172.8515
de0b900f-151a-4173-a070-3ec31ec05aed	Primary Tumor	101.0048
1860869f-ecb5-43ae-9714-328ff5748c2a	Primary Tumor	40.8552
de82c428-0b33-48e0-a337-42ac0a434a24	Primary Tumor	82.7879
f7d58012-79f4-440f-add6-8a00728e96ba	Primary Tumor	5.6546
de26de4a-c738-4a8b-a44a-0eab208c0db2	Primary Tumor	150.875
5c32fbb8-55ee-4bc9-a0db-d8ac0b04bdc4	Primary Tumor	84.2266
8e14dba9-6132-483c-892b-b244704fdc38	Primary Tumor	121.6026
201c0fbc-124c-4ef0-b767-393443a47892	Primary Tumor	78.3017
64c35a37-5b92-4e2e-831d-9bbe50401dd5	Primary Tumor	135.9533
5ecec8fc-845f-43cf-82c3-73dea85cc53c	Primary Tumor	43.7688
1d7b2b60-11d7-4803-8c7f-45fc6ce45a25	Primary Tumor	373.0318
65f85615-96a2-4b3c-ac05-ab67d0bf9e99	Primary Tumor	158.4193
5b99d571-43d2-4d26-9a3b-0a299a0ce048	Primary Tumor	312.3815
3ca2ec6c-4134-4595-9c5e-68c886d3aa1c	Primary Tumor	142.9793
e0d8cd2d-967f-4b04-afa9-3aca54bcaf5d	Primary Tumor	155.4514
47fc2fd2-84ce-49e2-8481-407d7a639042	Primary Tumor	231.335
4f59681b-3811-4569-aa50-ed031f7e370a	Primary Tumor	233.2408
a9e3a464-50ea-49a0-9482-1513ed167bf4	Primary Tumor	210.1817
231aa983-3ef3-476b-bdb3-bab9d66f71e6	Primary Tumor	173.2096
249b6388-cdcd-477a-9461-cf0e41146230	Primary Tumor	2.0341
842cb3d6-6ca5-4924-a7bb-98720352b548	Primary Tumor	51.8464
0c212a58-9a27-4850-bb22-540502e893dc	Primary Tumor	30.1291
157223aa-aab5-4522-8ff2-8104ea3561d9	Primary Tumor	4.547
576ad342-ce70-4c3c-b69d-8f1f5c4cd358	Primary Tumor	181.4816
b45e937f-da60-4259-8fa2-e64ee4fdbe95	Primary Tumor	153.8629
46a5c6c0-f460-4036-b3e6-eea9ec82ea14	Primary Tumor	89.9481
472406b3-cc1a-407e-bf38-a79046cfa952	Primary Tumor	44.3198
c5a1245e-f3c5-4f42-afd6-9b12f01a6445	Primary Tumor	57.3298
37fe51a0-c056-492e-b0c5-eb0502d73416	Primary Tumor	358.2792
313f5ae9-bbea-41d6-82d5-9242b2610d91	Primary Tumor	341.2924
bd98b566-f179-4be8-8b4d-672149eedcba	Solid Tissue Normal	128.8478
1c5de7db-7e05-4289-ace6-b59b6e2392e7	Primary Tumor	202.0892
25857230-7253-4929-a790-90815194b213	Primary Tumor	277.8613
55bbaa27-e618-48d6-bac3-80e9cfbcdf2c	Primary Tumor	156.0089
5a7bd024-3d92-4e64-86bd-b6eea34f6526	Primary Tumor	107.6818
7f827e47-e374-4c0e-8fec-b53018bfad03	Primary Tumor	156.2272
36101746-9c10-478e-96fb-8b47d057a6d4	Primary Tumor	2.2034
fb60fc57-836c-42e1-bc96-042b82d1a878	Primary Tumor	125.1911
bb47dbbf-75f5-4bbf-bd1a-ca81383f211b	Primary Tumor	101.6219
f19a1a66-ddc9-4567-80db-d009bb455b25	Primary Tumor	142.5921
404b3699-4707-49aa-b0d2-a0999bbd48e6	Primary Tumor	92.0081
8fadb6d4-de92-4301-9b6e-7dd857fec978	Primary Tumor	292.8301
a14f02d4-6d07-409d-af7a-5d5f23640ad6	Primary Tumor	0.0569
5fa5664e-daf5-4082-8d39-703a5d650e43	Primary Tumor	203.7858
bec02792-06e1-4789-871d-b5b4a5989786	Primary Tumor	210.0961
780617e8-6a28-4774-b1e6-3135e1932327	Primary Tumor	161.2499
0737eb23-c066-4522-8f5c-dbb4b3b516b0	Primary Tumor	284.7002
d4eb86d5-1952-449c-a5d7-20ccc04f0d07	Primary Tumor	102.7245
85c794c1-3fd0-4a10-a613-9db7eff3c78f	Primary Tumor	47.9937
864c2830-c699-433c-bcba-20f0c692854a	Primary Tumor	213.5512
9f1c581d-42a9-4067-8b91-5d309457b5e8	Primary Tumor	98.5692
d8334fd5-d042-48b4-95f5-4d5e3c5166e9	Primary Tumor	165.2977
f47927c5-e1e9-4152-9817-79aa6e64111a	Primary Tumor	49.7947
55831884-c907-457d-bb2c-7c7b3f7c4cd1	Solid Tissue Normal	142.1068
3e6105ba-3a23-4ac6-bf0d-1193fb2e679e	Primary Tumor	32.7739
b53ceb0c-a338-46e2-a0e6-224dec5ea807	Primary Tumor	239.495
9123a775-d686-49ab-90e7-0dc572c2fcaf	Primary Tumor	242.1094
58390e08-43b2-4517-b57c-ff899594e55a	Primary Tumor	126.1037
aaa72a07-5214-4145-9fb5-99c22b7c248a	Primary Tumor	93.4967
306febc7-f9b2-493a-9520-b9700d0f3e47	Primary Tumor	381.5178
3c0ce8a7-a730-4f1a-9e03-335b3e36849b	Primary Tumor	114.2951
caa4bc15-6e54-4d5e-9d91-c25e800b71b9	Primary Tumor	198.0397
a0fce6cc-a525-4970-82b7-8512bb0708b3	Primary Tumor	114.0911
254bed99-398d-4c34-a804-67516d257e70	Primary Tumor	0.0868
4089d037-ab25-47a6-be68-19742473cbc6	Primary Tumor	57.4523
4981d1f3-2824-4cd0-81b8-e12a9727a248	Primary Tumor	26.6297
2bf191f1-b880-427e-996c-0e75df13d738	Primary Tumor	48.1901
30e51b69-6778-4125-bb18-86694d42a6e9	Primary Tumor	153.6626
6d0c282d-43d7-44fb-94e6-25771385e326	Primary Tumor	113.5766
892294a6-6b94-4284-bae3-9eb0bdc853f6	Primary Tumor	5.3702
12c95903-cae1-4f9f-97c7-05ab05f4fd7f	Primary Tumor	260.7768
a912206f-60e9-4564-9d84-db9c3ee75343	Primary Tumor	98.2337
3976128b-36ba-4bf0-8121-867e89aba2c9	Primary Tumor	339.7229
7cf36ebf-b16e-49ac-bcc4-b127b1f2a3da	Primary Tumor	178.8227
b6c69243-9731-4578-b037-ac997cbdc7dc	Primary Tumor	194.5374
08971a88-cb64-4030-93e5-08d77d2ed654	Primary Tumor	33.3312
edfdd711-4764-43a7-9948-4320dc17b2b1	Primary Tumor	277.9329
577f10d0-c9a2-47c3-aa2f-b1bd5bd86d90	Primary Tumor	225.0398
20daa4af-7d88-42c8-9279-34372e687e5d	Primary Tumor	147.4058
89785c02-2345-4fa3-b73b-4d9da706c972	Primary Tumor	56.2942
52363b7b-f157-4fbe-8388-169b6152c9fe	Primary Tumor	194.6295
7666bfbe-6803-4b5d-b3b4-e9069fc4bea5	Primary Tumor	304.5404
40dba5d9-ce2e-483b-b4a7-19fbca8158e5	Primary Tumor	109.3347
f0890456-1013-4e8a-9132-f05e2a1be5f2	Primary Tumor	115.4209
bd820f5e-c8fd-4af5-b81c-2c51715cd759	Primary Tumor	255.3765
0f37f5ba-3582-4c61-8c70-bf9b0ede6e71	Primary Tumor	134.6297
cb93a89c-f291-4042-a988-0fb1b392e4d7	Primary Tumor	110.0155
86757083-5e47-423f-91e3-5f2ad6779b27	Primary Tumor	231.2185
9726aa3d-8a66-4568-92e5-c092c05a9a5d	Primary Tumor	121.7271
e39f6bf6-2206-45f2-a1c0-81fc1d858fd2	Solid Tissue Normal	96.1019
f8d97584-0c4f-4bb1-b4a7-77d87aabc852	Primary Tumor	3.2858
93db566e-8ff9-45b0-afa2-0fbe82b8f580	Primary Tumor	84.5531
6525f4e0-ba79-4576-89b3-df0ab6e45309	Primary Tumor	106.3884
951f2356-17f4-4f4f-a8ec-855c7e93dce1	Primary Tumor	153.685
7a59e84b-2d4a-4148-966d-7eadeb61ef38	Primary Tumor	150.3877
db61f20e-e44a-4992-a9f6-b54fc2dedfb6	Primary Tumor	66.3025
e37ffff5-f795-4ca9-b46b-f59344db48af	Primary Tumor	225.9538
ba8aebd8-07de-46c0-a28f-b2408c36f07f	Primary Tumor	85.812
72db648d-0ff7-418b-b7bd-590eda282f74	Primary Tumor	71.4531
5d65e761-0cb3-4e52-b14f-79be5850dba4	Solid Tissue Normal	115.9145
6508912f-5f91-43e6-8e63-9233bf3e81eb	Primary Tumor	324.5131
db9bab18-a465-445f-a4fd-dc90faa1da6d	Primary Tumor	202.0865
3604ee2d-3fdc-40fa-95ab-a3f420334ac5	Primary Tumor	195.6782
8e510682-b05c-4792-a149-d713db6d082d	Primary Tumor	0.3002
b817c1a8-7e62-423e-b7e0-eb9136fe0455	Primary Tumor	225.8566
62cdda72-a90e-49e7-9423-24540d696049	Primary Tumor	189.8373
dc782ae2-13ec-4fcd-bae7-cafa8280d5ee	Solid Tissue Normal	170.3772
06a639d9-ade5-4cbb-91b0-a41449ce4f49	Primary Tumor	210.4482
3f441cc8-98bd-4650-b5ad-19ae8542b666	Solid Tissue Normal	104.0723
eeacf4ac-09cf-41a8-8066-c38a173e61b4	Primary Tumor	173.5476
71ac888b-0acc-4cfd-a21a-4c9ff8d06bf9	Primary Tumor	82.8186
9c7f6057-8225-4447-adb3-aed12aa974ad	Solid Tissue Normal	145.852
7cb19688-bac4-41bf-b69e-977ac0da0aa1	Primary Tumor	49.4897
505bfb1f-dc96-4f7e-ba2c-8e20eb0e1f6c	Primary Tumor	223.6473
975121d2-ba5d-4b2c-bd50-278311c7144a	Primary Tumor	134.2733
ef2621f5-ec61-42ee-879f-9d7615372a5e	Primary Tumor	11.8711
a8252e2f-1dbd-4f3c-9e11-599a33d6fd24	Solid Tissue Normal	172.7254
8a2d17e2-4ec1-42b6-8825-6d80ffe4b916	Primary Tumor	85.5367
b06a3383-3a16-4f91-91c4-71cad60dae4b	Primary Tumor	178.5021
49453e81-56b8-43b7-b56f-6195038a1142	Primary Tumor	197.8869
7181e057-0ec7-410b-b0fe-ff8de3d14d98	Primary Tumor	448.3325
ace52699-f049-4a11-ab3d-ce3719c62e41	Primary Tumor	207.8288
c69e8ef1-57a7-439a-9b05-66f14b019322	Primary Tumor	60.9561
03680aea-84a2-4775-bb9c-24f8c5907247	Primary Tumor	6.2758
b91d8293-6331-4f76-98f0-335ebce83539	Primary Tumor	108.8333
3c421a7f-8bde-4b4b-90e5-cf0ea11274ab	Primary Tumor	265.6636
aab3583f-37ca-4f2f-8428-aa8eda2c2274	Solid Tissue Normal	134.928
3d08a99f-46c1-4e06-a042-521a54ebbe1e	Primary Tumor	4.8766
2f6e63bb-17bd-4b53-8666-45c7159aa1f4	Primary Tumor	170.5327
6ac6539b-76a3-4b1c-8da3-6d621308454a	Primary Tumor	142.8242
7c802f6c-03bd-4612-835f-c82f6b8f2137	Primary Tumor	244.7247
074b0792-df3c-4b59-9f50-793bc14bcb81	Primary Tumor	12.9809
25f44be3-2e4f-4121-ac23-21bd3866dbce	Primary Tumor	43.1144
765f26d4-120a-459d-90c7-74a8532b407c	Primary Tumor	96.1991
4297f902-2495-48fb-af36-31e61f727215	Primary Tumor	274.4467
4c2a4d47-67dd-4c12-8f3b-1c55eb6fd00e	Primary Tumor	441.9669
8148f34c-1ddd-454a-8761-8b76e97e8534	Primary Tumor	8.9386
7429ab01-a223-4be3-9b41-99100ea06d99	Primary Tumor	2.2599
7a26df49-5d12-4dc2-b686-07e015a415b0	Primary Tumor	311.9432
9db8b103-5f3a-439b-993c-14879744c30a	Primary Tumor	124.9448
24079217-3899-4843-81fc-638293771d93	Solid Tissue Normal	123.8099
aabb1f03-8a4e-4d38-b09e-d9b56b5b921c	Primary Tumor	285.2625
0d1f21df-73b3-4dd0-9ad4-fd5c7a5d2424	Solid Tissue Normal	175.559
359d07bf-89e3-49fd-8237-723ffb299cfb	Solid Tissue Normal	132.1163
736227d9-3cee-40ed-bdec-0e88968ef179	Primary Tumor	311.0943
e21fc8e8-1f42-4c08-a54b-0bcc0f70d816	Primary Tumor	21.0927
2e0c7cfb-2794-4c86-b43e-8215c39186d8	Primary Tumor	141.2844
f2d6b758-501e-447a-a3d0-f899e532ac84	Primary Tumor	54.1643
458042ad-bec8-4433-80da-70f517a440f7	Primary Tumor	147.9915
88885dc7-5edd-4fac-95f8-9586880078a8	Primary Tumor	136.0362
81152340-ffac-4122-8b21-bef3a474a18e	Solid Tissue Normal	88.4901
269a7c8d-f4d6-4f1a-a85b-874934f214b9	Primary Tumor	229.5268
0f01f50f-495a-455d-986d-28c65e345a80	Primary Tumor	287.1157
a777fb14-4498-4f32-bccb-1e8521567302	Primary Tumor	99.8502
f6582ef5-5f6d-41d7-850a-614257c9e3b2	Primary Tumor	114.7283
dc8e99bb-f021-44e4-8c60-213405ee156a	Primary Tumor	147.029
d4778869-f3f2-481b-ab02-65a654128766	Solid Tissue Normal	101.3486
8a898b7d-6f1b-4d2a-9f5d-0751ced1d7bf	Primary Tumor	54.1764
69e97c5b-4c8a-4710-a0f6-48ebfd917f5a	Primary Tumor	36.3315
efb3bf8d-7d14-42d6-8845-e81af909d47f	Solid Tissue Normal	164.225
7a2e7511-e77e-4805-82a3-cb9f5939ed26	Primary Tumor	20.037
911a72ec-dcb3-4454-8f22-7bd4f9d29b21	Primary Tumor	73.2545
3e752bb7-c91d-46f8-ba39-a40e26357b4d	Primary Tumor	116.4884
b9ac77d6-9a1b-443d-8ef5-e8ef2e3008dd	Primary Tumor	115.6761
f4288244-7a1c-4a61-98f6-6c1a06ccde2d	Primary Tumor	2.3916
9ffe0bdc-838e-4715-8fd3-31f032c8f46e	Primary Tumor	387.0599
bdae198f-aedf-46cc-8156-c1ec37eac88f	Solid Tissue Normal	86.3302
9a64a124-9787-4378-ba01-b79aa183f25f	Primary Tumor	135.8866
75473987-65e2-43eb-a5bb-04cb7a40c902	Solid Tissue Normal	119.8977
9a6d8661-241e-4a3e-a6fa-e2eb1962b758	Primary Tumor	75.1289
3ce6800e-9df0-45a7-9e18-7e141911e4e9	Solid Tissue Normal	155.1665
8b26e78c-f162-48fc-8c1b-9628baa3ca62	Primary Tumor	97.4378
929473bf-434c-438e-b16c-c34bfb0b98ea	Primary Tumor	273.2218
8b55c916-963b-41d6-b7ce-7e8ccf958c80	Primary Tumor	185.861
d88c062b-3c19-46e9-92b8-b80f6c3eef56	Primary Tumor	202.5537
b0b5b05d-f782-449d-94cf-8fd74a4bd30c	Primary Tumor	33.336
e585878b-98af-4e3f-b03c-6b5a4e7a202c	Primary Tumor	185.2336
c96036a1-2f21-47fc-a5ea-54389bf26502	Primary Tumor	135.8724
0e6fc8f1-34ca-4f3b-9d71-5a867e5efb07	Primary Tumor	156.4994
4f00f94a-f0db-4840-a230-3bc9866bc184	Primary Tumor	191.5415
8af996d7-2c5e-4d17-b1a5-8751f4784eba	Primary Tumor	19.0135
739b3fc4-0924-4d13-aecc-acc93cb9f486	Primary Tumor	0.0389
41f852c7-01e8-46b3-8082-da2e00a4ef9d	Primary Tumor	40.6737
cab5b00a-9cf2-4e1f-b2f3-93d27b73631e	Primary Tumor	0.2512
a03c9de0-7526-4942-8a7a-5fe03ea191f6	Primary Tumor	35.3595
e6b0ab3e-2b95-4803-91f8-cfa385fe0386	Primary Tumor	18.6336
deddc259-f962-468a-bfcf-60da1e695833	Primary Tumor	74.1673
1529d8e6-10d2-4e7c-bfb1-66820434c835	Primary Tumor	208.4039
29bb005f-53d0-44e6-8626-d6bbe0dba8be	Primary Tumor	90.8249
19bb0296-340e-4594-9a87-4134b15c7187	Primary Tumor	135.0255
661b6fed-d56a-452b-adaa-4b48ee9f4dbb	Solid Tissue Normal	69.4721
bae11f13-84a4-4fe3-b9e4-9d48b74896af	Primary Tumor	113.6048
f201ba16-5cb7-42d0-9865-e413fffa3532	Primary Tumor	93.3546
24fa0c9f-c679-486d-846a-66fbc8d30b0a	Primary Tumor	80.3452
94613d97-0a68-4212-beef-3c97a0b363ef	Solid Tissue Normal	111.4347
0b73f593-b6e8-4897-9b9b-f09e65e436b7	Primary Tumor	402.6764
932ccb56-ad41-40a0-9ab3-21f490c60af5	Primary Tumor	39.8172
0344d3bb-8bb2-459e-bc1f-ba31c7470d08	Primary Tumor	154.2816
7bc6d1c2-7d78-4b67-9c0d-8a836047f721	Primary Tumor	144.5748
db07bd22-cf7a-4504-9491-1bdeb1e14339	Primary Tumor	3.1966
d1a18468-9c02-4d61-8e3e-43a6d23d402e	Primary Tumor	118.3414
4b11527c-fb98-4ad4-aaac-6f0c6c1d185c	Primary Tumor	94.7836
df452e00-a7e9-4045-83fb-623885a542d4	Primary Tumor	140.2122
ef337612-6a73-4c29-a8b0-85557cbeaff4	Primary Tumor	195.7895
94913b2f-256e-4487-90ed-2c9b3869ca6b	Solid Tissue Normal	209.2611
5f4fa91b-489e-4ac9-b685-53952f77bd7a	Primary Tumor	70.2282
a6298ad5-dd68-44f6-85cf-f1d2c7673aa3	Solid Tissue Normal	93.4255
06d5f913-5f62-4200-8a51-26c8fa2052b4	Primary Tumor	140.575
f1b1d4ff-2556-44c0-80b0-1fd3b659c227	Primary Tumor	161.4137
beb3712d-76e3-4c3a-becb-c94048ea8a7f	Primary Tumor	61.9661
b9610938-1f47-4556-ae92-794df8ae6401	Primary Tumor	47.6629
65b91a69-f98e-49b5-8f87-667dd0aeafdf	Primary Tumor	76.9941
f51ce896-53bf-4f3b-ac5f-a499b84a7add	Primary Tumor	294.619
475fdbbb-3d3a-4d56-8d0e-34dfb8cb6346	Primary Tumor	82.9757
ab24be1b-969c-48f2-bc98-8b89bc719b4c	Primary Tumor	299.05
990303de-eff3-4418-b305-9bf63236826f	Primary Tumor	165.0371
60477322-5657-495a-8ce3-4f806acd3dcb	Primary Tumor	189.7079
b7b898c7-f63f-43d3-864a-406e842db2fe	Primary Tumor	3.8939
ad636e79-be59-4821-8303-7d2e7389b22f	Primary Tumor	240.8652
3d6cb261-d0c4-4e98-8918-d7d678cb97ae	Primary Tumor	318.2088
bb69e798-8c83-4c12-b622-3155e1972e6f	Primary Tumor	97.0365
9bd26335-dd71-4821-b7d1-a4e24430fbb3	Primary Tumor	158.6363
7b3f1e0a-2d0a-40a6-9ccd-deb403fd2f16	Primary Tumor	136.2964
8be349eb-2407-4f51-809a-ceb5542e0cf1	Primary Tumor	154.4145
15a57d06-841c-473e-b89e-389f1df3504a	Primary Tumor	198.5831
26c96b62-02b6-4108-9a2d-bec3d880db2a	Primary Tumor	116.0647
140633c2-a8e9-4a2d-a044-082cd099ff98	Primary Tumor	15.9088
895ca581-915e-4057-b66a-dc2d5213d7e4	Primary Tumor	52.0031
12f5eaa4-9f64-4465-bfa6-3d9307e9f980	Primary Tumor	207.3256
58b3d72d-6cff-4c5c-9317-13d88cd17b79	Primary Tumor	134.1174
7f67633b-3eba-4891-94aa-b3e38f6927ae	Primary Tumor	284.9652
07a53d2a-ebf6-4517-880a-064bae5ee972	Primary Tumor	74.4348
36432508-6673-489b-aefe-d172b83abac2	Primary Tumor	222.6885
0766019a-c9b7-4224-973e-f1cfa16082ac	Primary Tumor	179.3548
1e2233cf-4391-433c-9ef0-c215056ad02e	Primary Tumor	309.6648
cc1174cd-f902-46f0-9e69-b285b2b1317c	Primary Tumor	109.6799
44964e02-9283-4a48-a9e4-006a75d4120e	Primary Tumor	177.2168
978939fa-a27f-46ff-9120-7a43e3588b28	Primary Tumor	147.6233
cff4fca2-d0e1-4e90-9d3c-639f995fc9ed	Primary Tumor	55.0541
b7006975-82c2-4fcc-855d-5ef024ef3d4f	Primary Tumor	304.4565
84f2b69e-86e5-4bf6-a11c-289b1971775f	Primary Tumor	0.6984
44d8e988-1a2b-4588-a64a-cf5a6c164e03	Primary Tumor	108.5316
e6543906-a4e3-447c-8040-310979304204	Primary Tumor	232.984
76ac1fee-bf40-463f-a4d8-cb9affe0e7c5	Primary Tumor	8.3606
a71c722c-3483-4910-926d-c79b6c9a4e7d	Solid Tissue Normal	71.7904
a412b415-0692-4adf-8447-067ad69913d7	Primary Tumor	114.9443
5ef157e9-bb3d-4214-a946-f5bc2bbf74b6	Primary Tumor	343.5246
ae037177-0902-4c94-8e3c-632e240d3945	Primary Tumor	256.2236
508c6166-6095-4133-a42a-79d75b0c0e31	Primary Tumor	363.9011
9bf51961-c60a-43df-87eb-a64dae9e4e10	Primary Tumor	103.9942
f7c8bdd7-48f6-4ecd-a4ae-78ffcb2fb28d	Primary Tumor	207.2298
51054c11-8e2f-4f52-bdaf-ebb515508a28	Primary Tumor	76.8876
ed3bcbbc-0f04-415f-a083-e34cefa9e310	Primary Tumor	27.5579
d21e7461-c76d-4ae7-be02-313c3c34118d	Primary Tumor	161.0773
a35c257e-f8b8-4d58-8ecb-92b1b0bc59f3	Primary Tumor	223.9271
4a5c811e-d5d9-48d7-9bcc-4c9dc72df8f4	Primary Tumor	131.2932
ad8bf3fe-2831-4c1c-81f9-c65e09b2d45e	Primary Tumor	164.7253
22cae278-eb88-4685-9ff7-667e53b50a34	Primary Tumor	108.9736
c79162f6-be6e-46b1-aca7-438423fed6c3	Primary Tumor	91.1258
da428df4-37ee-43d6-9090-7b94d67968e9	Primary Tumor	122.7845
2fe6f165-3396-4abd-a0cd-07968d826828	Solid Tissue Normal	164.7582
3361d7bc-344b-44b2-97bd-ac0dc79b221f	Primary Tumor	49.0613
9f0a9ce9-6258-4a82-84c1-dc017a7eb760	Primary Tumor	194.0758
05fa4573-6ca5-40dc-a48b-ec847b7c58ad	Primary Tumor	51.4986
2fa40914-d149-4f67-aa78-64723258314f	Primary Tumor	111.3828
32046abb-8476-4e4f-8090-1ce003107490	Primary Tumor	0.0584
82a68e91-48cc-400b-8520-4abcbff1a163	Primary Tumor	201.3713
9f01664c-19be-4841-afb4-297483d22ec8	Solid Tissue Normal	223.2211
1aff8a31-97b2-4bde-ac5a-f3a958bf74dc	Primary Tumor	208.2765
a5e1a78c-7e7a-41e8-8c45-872028f6b5a0	Primary Tumor	204.5226
fe20855f-d3ce-4e02-b2dd-3df15eab44bf	Primary Tumor	57.9022
593e91b8-cbcd-4dbf-95ed-9dce881a430b	Primary Tumor	148.3234
8dbb93bd-bf45-4148-acdb-6609d5c4a1e3	Solid Tissue Normal	192.0217
4b98f37e-33fc-4bf0-b6cd-4c900bcc9d2a	Primary Tumor	163.4569
64101504-305f-4c62-bc27-40493e3c9575	Primary Tumor	92.5093
e9d3cac1-3a16-4e21-8fe8-a4944ce82cb8	Primary Tumor	50.6758
d3986831-ba2a-4a25-8eb0-b074cbd7edac	Primary Tumor	159.5652
9940e2a8-6a68-4482-a1bc-2a6edb7d52cd	Primary Tumor	200.8017
7d27e93b-f225-4b30-91b7-5b968d04d783	Primary Tumor	99.3715
66e79734-9053-4f61-9a32-bee376f5dab0	Primary Tumor	70.42
7671d2c4-d6da-46d5-8ef0-baab496456d2	Solid Tissue Normal	109.9179
5a37129a-9672-4fda-8576-e7de1db7b2c2	Solid Tissue Normal	61.767
14d76abd-84f2-4875-8d03-5a27b4505715	Primary Tumor	142.7924
a43e0f24-382c-431f-9bdb-94b3fa5c52a1	Primary Tumor	34.8516
4e27513c-172b-4d19-a397-ade6df353e6c	Primary Tumor	401.9273
df86c451-62c7-43bc-9b11-463181a5a98a	Solid Tissue Normal	150.7721
1c9ada61-d900-4498-9ef1-14a91212faf6	Primary Tumor	116.9185
ce886e9b-2167-486f-8d8a-d4fec39d86c9	Primary Tumor	139.3256
5601dc73-ba9b-4f53-95ef-5fc3de23640c	Primary Tumor	181.1399
a135a2b4-bc6a-4dd6-baa9-f08ab2d4971a	Primary Tumor	197.1113
85feefbe-6aad-430b-a882-c71e4a5d1e07	Primary Tumor	151.7203
36c7d3a4-193f-49fd-b367-e7aacc4eebe2	Primary Tumor	104.7005
2c81c69f-e08a-4586-b3f9-33d4af417d1f	Primary Tumor	192.5077
6c20a899-c806-46d0-b744-a26e53a9cb45	Solid Tissue Normal	107.5069
f2dbb2df-c98b-42d1-9fad-9708bc42fa03	Primary Tumor	147.1518
a4c14abb-5b10-41df-9da5-39f1ee194b7c	Primary Tumor	372.1516
72d9c332-92e3-4f9c-899d-1de9969b1bd6	Primary Tumor	16.9306
443ccb95-79d0-47ea-9915-18d5bc10eac4	Primary Tumor	98.5895
af2c7fc6-003d-4c41-bba5-95a005699a57	Primary Tumor	117.3811
32876f27-f304-4be0-8881-f9842a9fbb67	Primary Tumor	76.2587
2281a9d6-bd48-418a-9ad1-04b06a251e47	Primary Tumor	191.2915
dba9c344-546c-49db-91df-abd25ae4b0cc	Primary Tumor	124.7783
dcff773b-20f4-4c90-9a3f-78ef2e0f484e	Primary Tumor	110.1357
45fe5e83-1e4a-4e0a-ac03-62ef32a90e77	Primary Tumor	133.104
055fcce9-7448-4a16-ad18-d235dac7ce97	Primary Tumor	46.4158
7f9624e7-0e7b-4a2b-8413-1737f0f7c1d0	Primary Tumor	152.543
53b14fb6-9f29-412a-921b-49e270fa2039	Solid Tissue Normal	153.5506
775f63d2-d752-4d68-abc1-129fce5c3301	Primary Tumor	78.3581
e0ff7e04-078a-46a4-ac8c-8a287c1d608e	Primary Tumor	114.3937
82e982fc-138a-48f8-8127-fb20caa019a2	Primary Tumor	176.796
a62db40f-4e4f-496c-84ed-ab9500b89757	Primary Tumor	110.1824
fd52d8a9-e044-4f17-861a-9780752b20ee	Primary Tumor	222.3154
4bd86df0-6768-4741-8d01-51fe34dd57fd	Primary Tumor	305.868
e8da0b02-8b75-4a85-b91a-6f8d1582a95c	Primary Tumor	35.4184
75719c78-9935-40e0-bd30-1f8eec34badf	Primary Tumor	42.3342
5edfb99b-ef38-4f97-a59b-efea8738442c	Primary Tumor	163.96
69933ac8-e7a7-43b6-8231-2ecb35f88d52	Primary Tumor	2.5869
bb5264e1-0dbf-4b28-9fbe-0a8602c13369	Primary Tumor	214.3087
6bec00ac-81d0-4f29-bb4d-99102992914c	Primary Tumor	244.2796
23ab7447-ba7a-4947-bacf-2c0b209b38cf	Primary Tumor	124.9315
2a7831f2-aa57-4e6f-92b3-0a7a727d5637	Primary Tumor	73.9522
667a9066-debb-4f43-94f7-3277e66d8991	Primary Tumor	119.6213
555bdfe8-80bb-46db-80f1-421038f5c2b4	Primary Tumor	195.7234
c2accf79-6461-4082-b201-c6f881dc6ea2	Primary Tumor	250.651
deb2d529-5ea7-4a41-be07-f9239d7ac759	Primary Tumor	28.0232
d84121c5-5421-43a4-825a-40f357ecc97b	Primary Tumor	126.1215
18be89fe-3383-45a2-9c0e-b1246e88c82d	Primary Tumor	97.624
a308da6a-7eec-4a96-8884-d6ea49637744	Primary Tumor	144.8034
de38d138-723c-4256-98f4-2788f7cf1e87	Primary Tumor	437.6417
df504497-a30e-4a11-a62f-dcb46e741dfb	Primary Tumor	48.5061
0ece8b9b-d1c3-4f03-b70d-6bc06c6f52ce	Primary Tumor	280.0042
d23c89e5-b295-40b7-a5e8-ee1d4a584dd4	Primary Tumor	284.7654
bbb70a6e-a91c-4c67-9ec0-b33185ab4f8d	Primary Tumor	88.2971
f8cee5c6-bfd7-439d-8ba7-20ee2dfa5d68	Solid Tissue Normal	134.0847
aca8bace-37c5-4ec0-958c-13907ae97d1f	Primary Tumor	220.4357
9796354a-6ac6-466b-a82b-f1e9785bc447	Primary Tumor	515.3424
3baa9c28-dfb3-4ec3-9e3c-1d2f1421b00f	Primary Tumor	185.4622
bbea4239-0ce8-4540-8818-d73d076b3aa6	Primary Tumor	45.971
77b2c8e8-d630-4b66-be6e-db594df4e0ec	Primary Tumor	358.1589
dfc3bc40-b667-4f75-a932-4074c0b0c408	Primary Tumor	1.3849
2ab0f01f-2f66-4489-9de7-2a0d61b6ea04	Primary Tumor	78.8933
e3339500-9481-4a24-a3b8-65b86dabc920	Primary Tumor	148.1362
87d1edd3-df03-4046-a888-86baa85639b6	Primary Tumor	164.0363
d54e9279-578f-40cd-8e55-fbd7af5279dd	Primary Tumor	110.1572
40e350a6-fda3-43ff-9405-bda7a7c534ae	Primary Tumor	72.0115
1bcb7da3-a08e-4f9d-a960-fe7bdfe4222c	Primary Tumor	0.0773
15998b11-5041-4e2d-94d9-cf714c796c13	Primary Tumor	295.8639
320660cd-100a-4f5a-a604-4de3ced7f042	Primary Tumor	232.667
9ffe8343-d98f-4c5f-b29a-cbcbdac0c008	Primary Tumor	138.8623
1f911a28-0d7a-4f57-b358-cc6277b2008b	Primary Tumor	178.2917
cba15984-128b-4bd9-8202-14afbf1f74b2	Primary Tumor	116.764
9ee64463-e09f-4983-b83d-a6a5481cab9a	Primary Tumor	215.589
87b32d0a-6e9c-466d-a563-688142d3df95	Primary Tumor	40.7029
129f7ee5-6342-4a24-9317-d52462ce6a70	Primary Tumor	455.5733
13f74ba9-96c5-4074-9589-3ce0e183c0e9	Primary Tumor	56.7747
89bdfb20-8991-4bc4-b112-6e9be096b566	Solid Tissue Normal	148.7453
0e9c2659-4131-4274-b0b4-3e191239f5f3	Primary Tumor	15.3356
e173308d-ac80-4c15-9b0e-e5cb09321a56	Primary Tumor	197.0147
db5e9553-ca85-4dcd-9229-2ac1ba208d52	Primary Tumor	93.9389
360ebab8-859c-4286-b613-befa0fa306f0	Primary Tumor	178.8651
89bf9c33-c1b4-4786-821f-802cf36eed43	Primary Tumor	162.8833
883bbed6-0216-48c2-9694-5dba83ce65c7	Primary Tumor	66.7947
3973bbdc-bc07-4deb-955b-3c40e88a68be	Primary Tumor	260.5647
52d91ece-345c-4c5d-800a-121955b93c66	Primary Tumor	232.7751
665a7af8-9c2d-4a31-9a22-da89fc7107b2	Primary Tumor	94.294
54a00dd0-503f-471f-88e4-8d6fcdcf8483	Solid Tissue Normal	97.1475
fc757476-1d31-470b-b648-79608b201bdc	Primary Tumor	92.8319
16dc015e-0f5b-4278-a0cb-9ae30a280161	Primary Tumor	237.6113
6b6751a5-2dad-4bb4-bfae-b2239770fad8	Primary Tumor	123.2189
bb64143e-c48a-45c7-914b-4ec5bcea9e27	Solid Tissue Normal	147.3341
bca264e4-3883-409f-ad4e-f56f81c7c93e	Primary Tumor	222.0535
c36f84e5-8c59-46fe-af32-7f70684383b2	Solid Tissue Normal	212.9343
8be16a1a-383f-4365-b1e5-139b1625e3ce	Primary Tumor	102.3088
e1638627-67cc-44f9-9a79-6748968a06af	Primary Tumor	69.4853
afdf58d1-5814-4e78-a92e-26fbcc97da32	Primary Tumor	168.287
692a5c89-8f1a-4e23-a490-b092c6bb37c5	Primary Tumor	17.1615
8b071bf3-0d85-4aba-aa46-d0800dcc8640	Primary Tumor	0.6197
09fb135f-1c19-45d6-ae31-a8c32a0e06bf	Solid Tissue Normal	85.7795
e4bb1f41-bf42-43f3-aba5-98f3a02a7e03	Primary Tumor	76.8616
385d903b-bab4-4c2e-8334-3a304d1a56fa	Primary Tumor	0.8969
62560d5c-0cae-4fc7-820a-9c1236eb2c80	Primary Tumor	111.3361
d52fa71c-9f59-407e-8481-d0ac47ba88b2	Primary Tumor	0.8142
668d7295-629a-496a-b525-b5b8157baf11	Primary Tumor	172.9357
987832ae-aab4-430f-abc1-8783736fbe69	Primary Tumor	60.5208
c48eecc3-0099-4dd4-b319-f13ad65bdc7e	Solid Tissue Normal	77.9651
51847dea-489f-4df9-84f8-26a6f2579620	Primary Tumor	130.384
4c37a5fe-812f-42ac-aa56-259b31df6894	Primary Tumor	418.3205
ea47f0f6-aad1-4149-afb6-2026f64935f5	Primary Tumor	90.3305
b5b3c685-304f-4279-904a-c86c18f61576	Primary Tumor	269.0827
6feef177-114c-4285-b242-481fe0aea551	Primary Tumor	205.9666
614afd6a-05ff-4914-896c-3ac4280e510d	Primary Tumor	1.2868
87b1a89f-591c-4d6b-929d-2eae2951740e	Primary Tumor	276.3007
239d18cb-2886-48a0-9a3d-76558819dabd	Primary Tumor	155.0794
5eefc0d2-90b4-495f-803b-cfe9f158b980	Primary Tumor	102.6881
3362c701-3af3-4947-983a-6039b67d1526	Primary Tumor	83.2017
ece9f585-2710-4e10-b292-c5fbf588eda9	Primary Tumor	239.1267
c2371da5-868b-4788-91ec-c9d4bd8d8085	Primary Tumor	152.327
656fd74d-49d8-40a5-8eb9-dac0fbe4ea2d	Primary Tumor	167.1716
12272d02-341e-43a2-aa23-7232a8dde730	Primary Tumor	214.4918
fdcad604-c1b4-40ff-a652-3c1e5fe5f9a1	Primary Tumor	40.0289
8cdb3ed5-5922-4833-b255-30d9322f8fe9	Primary Tumor	142.5255
db0caa6a-e863-4dad-a911-0c69127be9df	Primary Tumor	160.1184
08d83462-5fcb-40c6-9d44-dbc42faa4df6	Primary Tumor	126.0898
1ab1279d-7ccd-4450-8de8-9987bf6627dd	Primary Tumor	36.3549
7abd9747-a947-4b15-b51c-c82cda9f065c	Primary Tumor	72.0202
f8670621-43a9-491c-81b7-8999ca9975a7	Primary Tumor	233.5496
63a884f4-0d20-4cb5-b485-72e066b6490f	Primary Tumor	2.2243
38ec487d-0a4a-4287-9c14-4bfdb959b402	Primary Tumor	119.1768
45d4b468-9089-46fd-8b5e-ad80a5148abd	Primary Tumor	81.1609
9ad544f6-b684-4a97-8d05-f812267962bb	Solid Tissue Normal	134.7781
